pc_elapsed_s,ch0,ch1,ch2,ch3,ch4,ch5,ch6,ch7,ch8,ch9,ch10,ch11,ch12,ch13,ch14,ch15,ch16,ch17,ch18,ch19,ch20,ch21,ch22,ch23,ch24
133.0065,292151,0.867,1.016,-4.71,-260,-0.416,174,0,0,0,1.08,-233,-233,-227,0,0.218,-2.13,1,0,0,0.047,1,0.057,7,22
133.0487,292191,1.064,0.928,2,-205,-0.328,-119,0,0,0,-0.03,-172,-172,-224,0,0,0,0,0,0,0,1,0,12,18
133.0682,292211,1.156,0.869,3.82,-168,-0.269,-242,0,0,0,0.11,-168,-168,-179,0,0.207,-31.39,-0.5938,0,0,0.017,1,0.03,9,22
133.0883,292231,1.011,0.744,-2.69,-90,-0.144,-162,0,0,0,-0.59,-130,-130,-172,0,0,0,0,0,0,0.265,1,0,12,18
133.1077,292251,1.117,0.781,-5.13,-113,-0.181,-105,0,0,0,-2.55,-9,-9,-175,0,0,0,0,0,0,0.064,1,0,12,18
133.1634,292291,1.081,0.485,3.05,72,0.115,-438,0,0,0,0.04,-152,-152,-169,0,0,0,0,0,0,-0.038,1,0,12,18
133.1665,292311,0.992,0.331,-0.31,168,0.269,-433,0,0,0,-0.59,-123,-123,-146,0,0,0,0,0,0,-0.021,1,0,12,18
133.191,292331,0.96,0.181,-3.03,262,0.419,-454,0,0,0,0.04,-150,-150,-153,0,0,0,0,0,0,-0.009,1,0,12,18
133.2024,292351,0.886,0.155,-7.23,278,0.445,-342,0,0,0,-0.87,-101,-101,-146,0,0,0,0,0,0,0,1,0,12,18
133.2486,292391,0.727,0.315,-5.06,178,0.285,-170,0,0,0,-0.1,-142,-142,-183,0,0,0,0,0,0,-0.068,1,0,12,18
133.2656,292411,0.646,0.293,-5.83,192,0.307,-121,0,0,0,0.25,-155,-155,-149,0,0,0,0,0,0,-0.111,1,0,12,18
133.2835,292431,0.52,0.181,-2.27,262,0.419,-177,0,0,0,0.46,-166,-166,-81,0,0,0,0,0,0,-0.047,1,0,12,18
133.3025,292451,0.438,0.245,-2.06,222,0.355,-84,0,0,0,-0.59,-112,-112,-93,0,0,0,0,0,0,-0.124,1,0,12,18
133.3653,292491,0.267,0.256,-2.41,215,0.344,41,0,0,0,-1.36,-73,-73,-85,0,0,0,0,0,0,-0.098,1,0,12,18
133.3724,292511,0.266,0.243,-2.96,223,0.357,34,0,0,0,1.01,-191,-191,-78,0,0,0,0,0,0,-0.094,1,0,12,18
133.3872,292531,0.289,0.218,-0.38,239,0.382,-35,0,0,0,1.01,-191,-191,-62,0,0,0,0,0,0,-0.086,1,0.013,10,18
133.4111,292551,0.311,0.168,0.74,270,0.432,-108,0,0,0,0.11,-145,-145,-39,0,0,0,0,0,0,-0.124,1,0,12,18
133.4474,292591,0.318,0.254,-0.17,216,0.346,-39,0,0,0,0.46,-167,-167,-97,0,0.231,-40.43,-1,0,0,-0.124,1,0.032,9,22
133.4663,292611,0.327,0.293,0.67,192,0.307,-37,0,0,0,0.73,-180,-180,-174,0,0.249,-25.71,-0.7723,0,0,-0.098,1,0.028,9,22
133.4854,292631,0.343,0.181,0.04,262,0.419,-103,0,0,0,0.18,-151,-151,-159,0,0.245,-23.13,-0.7596,0,0,-0.145,1,0.041,8,22
133.5064,292651,0.353,0.142,0.32,286,0.458,-146,0,0,0,1.71,-233,-233,-152,0,0.253,-15.08,-0.1769,0,0,-0.086,1,0.042,8,22
133.5642,292691,0.36,0.206,-0.38,246,0.394,-96,0,0,0,0.8,-192,-192,-177,0,0.268,-32.79,-1,0,0,-0.038,1,0.032,9,22
133.568,292711,0.365,0.149,-0.31,282,0.451,-135,0,0,0,0.32,-168,-168,-159,0,0,0,0,0,0,-0.021,1,0,12,18
133.5869,292731,0.354,0.37,-1.43,144,0.23,31,0,0,0,0.11,-158,-158,-208,0,0,0,0,0,0,-0.073,1,0,12,18
133.604,292751,0.352,0.333,-0.17,167,0.267,-10,0,0,0,0.52,-179,-179,-133,0,0,0,0,0,0,-0.214,1,0,12,18
133.6526,292791,0.343,0.326,0.46,171,0.274,-21,0,0,0,1.43,-225,-225,-165,0,0,0,0,0,0,-0.068,1,0,12,18
133.6697,292811,0.299,0.402,-1.22,124,0.198,87,0,0,0,1.36,-226,-226,-184,0,0,0,0,0,0,-0.12,1,0,12,18
133.6887,292831,0.246,0.285,-2.41,197,0.315,60,0,0,0,0.18,-167,-167,-142,0,0,0,0,0,0,-0.064,1,0,12,18
133.7065,292851,0.228,0.413,-2.48,117,0.187,163,0,0,0,0.52,-184,-184,-150,0,0,0,0,0,0,-0.115,1,0,12,18
133.7632,292891,0.178,0.523,0.39,48,0.077,216,0,0,0,0.73,-194,-194,-203,0,0,0,0,0,0,-0.009,1,0,12,18
133.7667,292911,0.149,0.467,-1.15,83,0.133,228,0,0,0,0.73,-194,-194,-201,0,0,0,0,0,0,-0.009,1,0,12,18
133.7853,292931,0.165,0.699,0.95,-62,-0.099,328,0,0,0,0.73,-195,-195,-228,0,0,0,0,0,0,-0.047,1,0,12,18
133.8026,292951,0.143,0.664,2.49,-40,-0.064,290,0,0,0,1.36,-227,-227,-216,0,0,0,0,0,0,-0.171,1,0,12,18
133.849,292991,0.186,0.901,3.4,-188,-0.301,392,0,0,0,1.01,-227,-227,-139,0,0,0,0,0,0,-0.064,1,0,12,18
133.8655,293011,0.232,0.995,1.72,-247,-0.395,465,0,0,0,0.46,-199,-199,-139,0,0,0,0,0,0,0.009,1,0,12,18
133.8902,293031,0.298,0.973,2,-233,-0.373,402,0,0,0,0.59,-205,-205,-122,0,0,0,0,0,0,-0.004,1,0,12,18
133.9024,293051,0.38,0.949,2.63,-218,-0.349,324,0,0,0,-0.24,-164,-164,-110,0,0,0,0,0,0,-0.009,1,0,12,18
133.9628,293091,0.52,0.97,3.33,-231,-0.37,233,0,0,0,-0.31,-166,-166,-116,0,0,0,0,0,0,-0.004,1,0,12,18
133.9667,293111,0.556,0.965,2.42,-228,-0.365,216,0,0,0,-0.73,-147,-147,-125,0,0,0,0,0,0,0,1,0,12,18
133.9848,293131,0.59,0.906,0.67,-191,-0.306,203,0,0,0,-0.52,-159,-159,-149,0,0,0,0,0,0,-0.137,1,0,12,18
134.0027,293151,0.628,1.024,1.44,-265,-0.424,232,0,0,0,0.18,-190,-190,-110,0,0,0,0,0,0,-0.047,1,0,12,18
134.0516,293191,0.592,1.002,-0.8,-251,-0.402,271,0,0,0,0.25,-190,-190,-114,0,0,0,0,0,0,0.017,1,0,12,18
134.0649,293211,0.576,1.008,-1.5,-255,-0.408,311,0,0,0,0.25,-188,-188,-114,0,0,0,0,0,0,0.009,1,0,12,18
134.0828,293231,0.537,1.051,-2.41,-282,-0.451,377,0,0,0,0.66,-208,-208,-98,0,0,0,0,0,0,0.009,1,0,12,18
134.1016,293251,0.483,1.006,-1.99,-254,-0.406,373,0,0,0,1.15,-232,-232,-112,0,0,0,0,0,0,0.009,1,0,12,18
134.1671,293291,0.369,1.11,-2.27,-319,-0.51,520,0,0,0,0.59,-211,-211,-93,0,0,0,0,0,0,0.013,1,0,12,18
134.1685,293311,0.31,1.126,-2.62,-329,-0.526,572,0,0,0,-0.38,-164,-164,-96,0,0,0,0,0,0,0.077,1,0,12,18
134.187,293331,0.28,1.147,-1.57,-342,-0.547,591,0,0,0,0.59,-215,-215,-102,0,0,0,0,0,0,0.047,1,0,12,18
134.2076,293351,0.24,1.226,-0.59,-391,-0.626,646,0,0,0,0.18,-194,-194,-99,0,0,0,0,0,0,0.03,1,0,12,18
134.2503,293391,0.234,1.408,1.37,-505,-0.808,736,0,0,0,0.59,-215,-215,-74,0,0,0,0,0,0,0.009,1,0,12,18
134.2654,293411,0.252,1.488,2.35,-555,-0.888,759,0,0,0,1.43,-256,-256,-73,0,0,0,0,0,0,0.017,1,0,12,18
134.2849,293431,0.276,1.542,4.66,-589,-0.942,727,0,0,0,1.08,-248,-248,-78,0,0,0,0,0,0,0.077,1,0,12,18
134.3031,293451,0.365,1.656,8.99,-660,-1.056,664,0,0,0,-0.17,-195,-195,-67,0,0,0,0,0,0,0.158,1,0,12,18
134.3512,293491,0.505,1.65,4.1,-656,-1.05,662,0,0,0,-1.08,-151,-151,-115,0,0,0,0,0,0,0.103,1,0,12,18
134.3684,293511,0.625,1.664,2.84,-665,-1.064,635,0,0,0,-0.94,-162,-162,-128,0,0,0,0,0,0,0.103,1,0,12,18
134.387,293531,0.719,1.682,5.85,-676,-1.082,513,0,0,0,-1.08,-144,-144,-129,0,0,0,0,0,0,0,1,0,12,18
134.4069,293551,0.8,1.686,3.75,-679,-1.086,507,0,0,0,-0.66,-164,-164,-130,0,0,0,0,0,0,0,1,0,12,18
134.4478,293591,0.928,1.685,3.68,-678,-1.085,437,0,0,0,0.52,-213,-213,-124,0,0,0,0,0,0,0.18,1,0,12,18
134.4664,293611,1.011,1.669,2.49,-668,-1.069,381,0,0,0,0.04,-200,-200,-121,0,0,0,0,0,0,0.158,1,0,12,18
134.4844,293631,1.042,1.653,0.95,-658,-1.053,386,0,0,0,-1.08,-152,-152,-119,0,0,0,0,0,0,0.077,1,0,12,18
134.5016,293651,1.055,1.632,-0.73,-645,-1.032,387,0,0,0,-1.36,-136,-136,-120,0,0,0,0,0,0,-0.004,1,0,12,18
134.5642,293691,1.072,1.578,-0.52,-611,-0.978,349,0,0,0,0.59,-219,-219,-116,0,0,0,0,0,0,0.026,1,0,12,18
134.5684,293711,1.013,1.546,0.25,-591,-0.946,346,0,0,0,0.87,-233,-233,-112,0,0,0,0,0,0,0.137,1,0,12,18
134.5889,293731,1.061,1.525,4.03,-578,-0.925,250,0,0,0,0.8,-234,-234,-110,0,0,0,0,0,0,0.18,1,0,12,18
134.6127,293751,0.932,1.502,6.41,-564,-0.902,251,0,0,0,-0.87,-167,-167,-108,0,0,0,0,0,0,0.081,1,0,12,18
134.649,293791,0.871,1.522,1.02,-576,-0.922,396,0,0,0,-0.94,-149,-149,-96,0,0,0,0,0,0,0.009,1,0,12,18
134.6734,293811,0.901,1.549,0.67,-593,-0.949,414,0,0,0,-0.59,-157,-157,-79,0,0,0,0,0,0,0.026,1,0,12,18
134.6875,293831,0.914,1.544,1.09,-590,-0.944,379,0,0,0,0.32,-195,-195,-72,0,0,0,0,0,0,0.086,1,0,12,18
134.7057,293851,1.024,1.608,13.89,-630,-1.008,99,0,0,0,-2.2,-64,-64,-48,0,0,0,0,0,0,0.231,1,0,12,18
134.7661,293891,1.077,1.64,-1.22,-650,-1.04,364,0,0,0,-2.13,-60,-60,-33,0,0,0,0,0,0,0.034,1,0,12,18
134.7671,293911,1.17,1.582,-0.59,-614,-0.982,292,0,0,0,-0.87,-118,-118,-43,0,0.264,-14.02,0.6767,0,0,-0.06,1,0.037,9,22
134.7848,293931,1.243,1.557,0.04,-598,-0.957,213,0,0,0,-0.59,-118,-118,-39,0,0.26,-23.8,-0.0451,0,0,0.021,1,0.028,10,22
134.803,293951,1.306,1.528,1.65,-580,-0.928,122,0,0,0,0.32,-156,-156,-38,0,0.275,-17.55,-1,0,0,0.026,1,0.032,9,22
134.8464,293991,1.374,1.394,0.46,-496,-0.794,8,0,0,0,0.32,-149,-149,-48,0,0.277,-1.7,1,0,0,0.038,1,0.043,8,22
134.8651,294011,1.38,1.384,-1.08,-490,-0.784,25,0,0,0,-0.38,-112,-112,-36,0,0.2,-55.87,-1,0,0,0.017,1,0.056,8,22
134.8822,294031,1.385,1.282,-1.22,-426,-0.682,-53,0,0,0,-0.59,-103,-103,-53,0,0.282,-3.76,1,0,0,0.098,1,0.042,8,22
134.9069,294051,1.356,1.112,-4.57,-320,-0.512,-72,0,0,0,-1.22,-70,-70,-83,0,0.276,-4.23,1,0,0,0.021,1,0.043,8,22
134.965,294091,1.295,1.006,-4.85,-254,-0.406,-89,0,0,0,-0.59,-114,-114,-75,0,0.263,-27.58,-1,0,0,-0.021,1,0.028,10,22
134.9736,294111,1.221,0.952,-3.24,-220,-0.352,-129,0,0,0,0.8,-177,-177,-41,0,0.247,-31.04,-1,0,0,-0.103,1,0.032,9,22
134.9835,294131,1.108,0.81,-4.43,-131,-0.21,-110,0,0,0,-0.1,-122,-122,-42,0,0.238,-48.67,-1,0,0,-0.013,1,0.024,10,22
135.0016,294151,0.968,0.797,-5.41,-123,-0.197,-18,0,0,0,0.32,-140,-140,-68,0,0.234,-33.15,-0.8711,0,0,-0.009,1,0.035,10,22
135.0569,294191,0.763,0.766,-5.48,-104,-0.166,99,0,0,0,0.8,-163,-163,-137,0,0.259,-21.9,-0.7255,0,0,-0.013,1,0.032,9,22
135.0663,294211,0.663,0.714,-4.57,-71,-0.114,113,0,0,0,0.46,-147,-147,-147,0,0.245,-17.15,0.8329,0,0,-0.004,1,0.042,8,22
135.0964,294231,0.588,0.81,-3.8,-131,-0.21,217,0,0,0,0.59,-157,-157,-112,0,0.241,-24.29,-0.8369,0,0,0,1,0.04,9,22
135.1046,294251,0.531,0.85,-1.43,-156,-0.25,231,0,0,0,0.11,-134,-134,-177,0,0.234,-32.18,-1,0,0,-0.009,1,0.041,9,22
135.165,294291,0.461,0.957,0.25,-223,-0.357,317,0,0,0,0.39,-151,-151,-166,0,0.256,-0.77,1,0,0,-0.051,1,0.028,10,22
135.1736,294311,0.437,0.981,2.63,-238,-0.381,302,0,0,0,0.11,-136,-136,-138,0,0.256,-6.13,1,0,0,-0.026,1,0.026,10,22
135.1848,294331,0.457,0.995,2.63,-247,-0.395,296,0,0,0,0.25,-140,-140,-131,0,0.238,-31.19,-1,0,0,-0.068,1,0.027,10,22
135.2065,294351,0.495,0.992,2.35,-245,-0.392,278,0,0,0,0.32,-141,-141,-125,0,0.226,-30.31,-0.812,0,0,-0.056,1,0.031,10,22
135.2524,294391,0.663,1.043,4.38,-277,-0.443,167,0,0,0,0.25,-138,-138,-139,0,0.197,-39.14,-1,0,0,-0.03,1,0.062,9,22
135.27,294411,0.759,0.986,3.96,-241,-0.386,78,0,0,0,-0.17,-115,-115,-121,0,0,0,0,0,0,-0.12,1,0,13,18
135.2928,294431,0.828,0.915,3.4,-197,-0.315,-9,0,0,0,0.46,-145,-145,-99,0,0,0,0,0,0,-0.034,1,0,13,18
135.3031,294451,0.941,0.669,2.98,-43,-0.069,-221,0,0,0,0.11,-128,-128,-158,0,0,0,0,0,0,-0.043,1,0,13,18
135.351,294491,1.095,0.944,2.35,-215,-0.344,-138,0,0,0,0.04,-120,-120,-53,0,0,0,0,0,0,-0.064,1,0,13,18
135.3689,294511,1.092,0.87,0.95,-169,-0.27,-161,0,0,0,-0.66,-82,-82,-67,0,0,0,0,0,0,-0.043,1,0,13,18
135.3871,294531,1.07,0.821,-0.17,-138,-0.221,-161,0,0,0,0.18,-124,-124,-148,0,0,0,0,0,0,-0.004,1,0,13,18
135.4052,294551,1.065,0.733,-1.29,-83,-0.133,-193,0,0,0,0.32,-131,-131,-128,0,0,0,0,0,0,0.004,1,0,13,18
135.4531,294591,0.99,0.456,-4.36,90,0.144,-268,0,0,0,0.11,-126,-126,-134,0,0,0,0,0,0,-0.009,1,0,13,18
135.4755,294611,0.964,0.411,-5.55,118,0.189,-253,0,0,0,-0.52,-98,-98,-124,0,0,0,0,0,0,-0.026,1,0,13,18
135.4833,294631,0.882,0.408,-6.04,120,0.192,-191,0,0,0,0.39,-147,-147,-154,0,0,0,0,0,0,-0.043,1,0,13,18
135.502,294651,0.783,0.274,-6.6,204,0.326,-208,0,0,0,1.15,-182,-182,-135,0,0,0,0,0,0,-0.162,1,0,13,18
135.5656,294691,0.489,0.242,-6.88,224,0.358,-37,0,0,0,-0.52,-95,-95,-116,0,0,0,0,0,0,-0.026,1,0,13,18
135.5683,294711,0.349,0.229,-6.39,232,0.371,36,0,0,0,0.73,-158,-158,-117,0,0.262,-16.36,-1,0,0,0,1,0.097,5,22
135.5873,294731,0.193,0.266,-7.44,209,0.334,183,0,0,0,-0.03,-120,-120,-105,0,0.251,-10.6,-0.2373,0,0,0.004,1,0.138,2,22
135.6045,294751,0.028,0.298,-4.64,189,0.302,254,0,0,0,1.43,-194,-194,-95,0,0.262,-2.33,0.3688,0,0,-0.068,1,0.149,2,22
135.6495,294791,-0.217,0.315,-3.66,178,0.285,405,0,0,0,0.87,-166,-166,-114,0,0.254,-2.53,0.3682,0,0,-0.017,1,0.173,0,22
135.6687,294811,-0.303,0.547,-3.03,33,0.053,609,0,0,0,0.66,-156,-156,-119,0,0.247,-11.2,-0.3959,0,0,-0.009,1,0.172,0,22
135.6874,294831,-0.345,0.707,0.39,-67,-0.107,673,0,0,0,0.8,-163,-163,-117,0,0.247,-11.2,-0.3959,0,0,0.004,1,0.172,20,22
135.7059,294851,-0.351,0.864,3.26,-165,-0.264,727,0,0,0,0.87,-167,-167,-113,0,0.246,-7.57,0.0293,0,0,0,1,0.18,19,22
135.7661,294891,-0.257,0.827,5.78,-142,-0.227,597,0,0,0,0.59,-177,-177,-151,0,0.257,-0.66,0.4598,0,0,0,1,0.193,18,22
135.7668,294911,-0.133,1.146,7.59,-341,-0.546,688,0,0,0,0.25,-159,-159,-74,0,0.256,-7.42,-0.1382,0,0,0,1,0.193,18,22
135.7844,294931,-0.015,1.413,8.57,-508,-0.813,766,0,0,0,0.25,-159,-159,-28,0,0.255,-6.59,0.0048,0,0,0,1,0.208,16,22
135.8105,294951,0.126,1.49,9.48,-556,-0.89,711,0,0,0,0.32,-163,-163,-32,0,0.254,-8.33,-0.1693,0,0,0,1,0.201,17,22
135.8487,294991,0.503,1.603,9.13,-627,-1.003,545,0,0,0,0.32,-161,-161,-55,0,0.273,-7.47,-0.2973,0,0,0.013,1,0.194,18,22
135.8733,295011,0.71,1.586,8.5,-616,-0.986,417,0,0,0,0.11,-150,-150,-78,0,0.281,-2.23,0.1425,0,0,0.043,1,0.209,16,22
135.8878,295031,0.866,1.57,7.38,-606,-0.97,327,0,0,0,-1.85,-58,-58,-96,0,0.293,1.07,0.1746,0,0,0.111,1,0.222,16,22
135.9064,295051,1.042,1.563,6.34,-602,-0.963,219,0,0,0,-1.85,-53,-53,-97,0,0.262,-14.84,-0.7004,0,0,0.06,1,0.221,15,22
135.9634,295091,1.262,1.501,2.63,-563,-0.901,107,0,0,0,-0.87,-102,-102,-93,0,0.282,-12.67,-0.7875,0,0,0,1,0.19,18,22
135.9666,295111,1.358,1.453,2.28,-533,-0.853,27,0,0,0,-0.94,-91,-91,-85,0,0.301,-8.13,-0.6773,0,0,0.03,1,0.17,0,22
135.9896,295131,1.396,1.41,-0.52,-506,-0.81,16,0,0,0,-0.1,-120,-120,-75,0,0.301,-8.13,-0.6773,0,0,0.026,1,0.17,20,22
136.0063,295151,1.327,1.378,-7.44,-486,-0.778,171,0,0,0,1.43,-194,-194,-61,0,0.321,7.64,0.7866,0,0,0.248,1,0.134,2,22
136.0474,295191,1.385,1.238,-10.59,-399,-0.638,103,0,0,0,1.15,-188,-188,-52,0,0.258,-29.17,-1,0,0,0.086,1,0.145,4,22
136.0664,295211,1.444,1.115,-6.81,-322,-0.515,-62,0,0,0,-0.66,-90,-90,-65,0,0.273,-17.89,-1,0,0,-0.004,1,0.169,3,22
136.0835,295231,1.378,1.138,-3.17,-336,-0.538,-89,0,0,0,-0.73,-82,-82,-37,0,0.286,-18.01,-1,0,0,-0.004,1,0.132,3,22
136.1023,295251,1.241,1.002,-2.41,-251,-0.402,-108,0,0,0,-0.31,-90,-90,-79,0,0.28,-17.05,-1,0,0,0.026,1,0.137,4,22
136.1705,295291,1.063,0.954,3.61,-221,-0.354,-133,0,0,0,-0.1,-89,-89,-106,0,0.287,-11.06,-0.77,0,0,0.201,1,0.115,6,22
136.1706,295311,0.86,0.958,-2.76,-224,-0.358,109,0,0,0,-0.38,-89,-89,-109,0,0.283,-15.93,-1,0,0,0.077,1,0.106,5,22
136.1916,295331,0.693,0.955,-4.22,-222,-0.355,220,0,0,0,-0.03,-113,-113,-110,0,0.287,-6.23,-0.2962,0,0,0.056,1,0.143,5,22
136.2027,295351,0.605,1.019,-8.14,-262,-0.419,416,0,0,0,-0.17,-109,-109,-131,0,0.272,-15.41,-1,0,0,-0.017,1,0.098,6,22
136.2483,295391,0.47,1.053,-3.45,-283,-0.453,446,0,0,0,0.52,-137,-137,-142,0,0.279,-27.52,-1,0,0,0.021,1,0.068,7,22
136.266,295411,0.418,1.002,-1.01,-251,-0.402,395,0,0,0,0.39,-127,-127,-126,0,0.252,-25.49,-1,0,0,0.026,1,0.126,5,22
136.2841,295431,0.397,1.238,2,-399,-0.638,511,0,0,0,0.18,-115,-115,-63,0,0.284,-12.1,-1,0,0,0.068,1,0.088,7,22
136.3026,295451,0.389,1.477,6.48,-548,-0.877,598,0,0,0,-0.1,-104,-104,10,0,0.266,-22.97,-1,0,0,0.115,1,0.117,5,22
136.3616,295491,0.479,1.49,6.27,-556,-0.89,534,0,0,0,0.25,-129,-129,63,0,0.299,-10.94,-1,0,0,0.004,1,0.045,7,22
136.372,295511,0.611,1.832,6.2,-770,-1.232,678,0,0,0,-0.73,-80,-80,150,0,0.278,-21.1,-1,0,0,-0.009,1,0.084,6,22
136.3971,295531,0.739,1.789,9.2,-743,-1.189,511,0,0,0,0.04,-119,-119,116,0,0.26,-23.74,-1,0,0,-0.004,1,0.127,5,22
136.4094,295551,0.896,1.677,8.08,-673,-1.077,360,0,0,0,-0.31,-101,-101,64,0,0.292,-19.73,-1,0,0,0,1,0.05,9,22
136.4513,295591,1.306,1.462,7.66,-539,-0.862,-30,0,0,0,-1.01,-63,-63,-28,0,0.277,-15.69,-0.8904,0,0,0,1,0.083,8,22
136.4683,295611,1.462,1.509,5.85,-568,-0.909,-73,0,0,0,-1.01,-62,-62,-8,0,0.266,-23,-1,0,0,0,1,0.086,7,22
136.487,295631,1.589,1.461,4.45,-538,-0.861,-158,0,0,0,-1.29,-49,-49,-10,0,0.308,-12.67,-1,0,0,0,1,0.046,8,22
136.5014,295651,1.661,1.438,3.26,-524,-0.838,-202,0,0,0,-0.31,-99,-99,5,0,0.318,-6.43,-0.4156,0,0,0,1,0.032,8,22
136.5639,295691,1.689,0.978,-2.41,-236,-0.378,-414,0,0,0,-2.13,7,7,-29,0,0.266,-31,-1,0,0,0,1,0.106,7,22
136.5669,295711,1.669,1.293,-2.89,-433,-0.693,-190,0,0,0,-0.31,-67,-67,20,0,0.271,-20.06,-1,0,0,0,1,0.088,7,22
136.5851,295731,1.543,1.042,-4.29,-276,-0.442,-250,0,0,0,1.08,-139,-139,-26,0,0.28,-17.21,-0.9945,0,0,0,1,0.086,8,22
136.6097,295751,1.41,0.59,-7.44,6,0.01,-397,0,0,0,0.94,-139,-139,-84,0,0.279,-28.99,-1,0,0,0,1,0.071,8,22
136.6486,295791,1.124,0.379,-10.8,138,0.221,-288,0,0,0,-0.1,-92,-92,-97,0,0.279,-16.61,-1,0,0,0,1,0.086,8,22
136.6673,295811,0.956,0.47,-11.01,81,0.13,-116,0,0,0,0.25,-111,-111,-150,0,0.256,-29.63,-1,0,0,0,1,0.088,8,22
136.6865,295831,0.761,0.208,-10.03,245,0.392,-176,0,0,0,0.18,-110,-110,-80,0,0.285,-12.18,-0.9628,0,0,-0.009,1,0.074,9,22
136.7062,295851,0.577,0.229,-9.26,232,0.371,-57,0,0,0,-0.17,-94,-94,-86,0,0.302,0.81,0.4184,0,0,-0.013,1,0.042,9,22
136.7558,295891,0.213,0.094,-7.86,316,0.506,68,0,0,0,-0.17,-95,-95,-86,0,0.259,-29.47,-1,0,0,-0.06,1,0.067,8,22
136.7742,295911,0.048,0.112,-7.09,305,0.488,170,0,0,0,0.32,-119,-119,-129,0,0.258,-17.68,-0.9406,0,0,-0.06,1,0.105,8,22
136.7965,295931,-0.12,0.082,-6.25,324,0.518,247,0,0,0,0.52,-129,-129,-154,0,0.293,0.47,0.1939,0,0,-0.056,1,0.042,9,22
136.8068,295951,-0.264,0.165,-3.66,272,0.435,342,0,0,0,0.46,-126,-126,-133,0,0.262,-33.01,-1,0,0,-0.056,1,0.07,7,22
136.8615,295991,-0.452,0.259,-0.45,213,0.341,466,0,0,0,1.15,-164,-164,-59,0,0.272,-20.24,-1,0,0,-0.073,1,0.062,9,22
136.8638,296011,-0.461,0.686,3.05,-54,-0.086,690,0,0,0,1.57,-208,-208,-86,0,0.257,-25.58,-1,0,0,-0.056,1,0.077,8,22
136.8819,296031,-0.452,0.845,7.18,-153,-0.245,703,0,0,0,0.25,-160,-160,-97,0,0.259,-24.65,-1,0,0,-0.06,1,0.071,9,22
136.9249,296051,-0.344,0.725,8.85,-78,-0.125,538,0,0,0,0.73,-186,-186,-159,0,0.27,-16.11,-1,0,0,-0.103,1,0.07,7,22
136.9656,296091,-0.048,1.216,12.56,-385,-0.616,578,0,0,0,0.73,-192,-192,-41,0,0.312,30.04,1,0,0,-0.064,1,0.042,8,22
136.9694,296111,0.144,1.325,10.95,-453,-0.725,568,0,0,0,0.11,-166,-166,-41,0,0.265,-10.47,-0.5058,0,0,-0.09,1,0.101,7,22
136.9883,296131,0.345,1.419,11.65,-512,-0.819,480,0,0,0,-0.03,-158,-158,-41,0,0.304,5.15,0.8357,0,0,-0.056,1,0.053,7,22
137.007,296151,0.556,1.47,10.18,-544,-0.87,411,0,0,0,0.11,-165,-165,-49,0,0.262,-11.54,-0.4178,0,0,-0.026,1,0.115,7,22
137.0476,296191,0.997,1.531,8.85,-582,-0.931,187,0,0,0,-0.38,-143,-143,-56,0,0.278,-8.23,-0.2579,0,0,0.004,1,0.102,6,22
137.0671,296211,1.178,1.461,7.11,-538,-0.861,55,0,0,0,-1.36,-98,-98,-75,0,0.291,-8.55,-0.5882,0,0,-0.034,1,0.114,5,22
137.0844,296231,1.308,1.395,4.17,-497,-0.795,-24,0,0,0,-0.45,-139,-139,-90,0,0.314,11.99,1,0,0,-0.171,1,0.043,7,22
137.1023,296251,1.451,1.4,0.81,-500,-0.8,-40,0,0,0,-1.15,-102,-102,-69,0,0.284,-9.04,-0.3461,0,0,-0.056,1,0.103,7,22
137.1675,296291,1.584,1.189,-3.38,-368,-0.589,-180,0,0,0,-0.45,-127,-127,-82,0,0.317,-9.48,-1,0,0,-0.06,1,0.053,7,22
137.1676,296311,1.567,1.034,-3.45,-271,-0.434,-279,0,0,0,-0.45,-122,-122,-102,0,0.318,5.15,1,0,0,-0.047,1,0.053,8,22
137.1857,296331,1.492,0.979,-3.8,-237,-0.379,-257,0,0,0,-0.38,-118,-118,-107,0,-0.436,-77.3,-0.1356,0,0,-0.009,1,0.13,7,22
137.2038,296351,1.361,0.95,-4.85,-219,-0.35,-179,0,0,0,-0.17,-127,-127,-106,0,0.289,-6.68,-0.2484,0,0,0.004,1,0.137,6,22
137.2546,296391,1.026,0.822,-8.77,-139,-0.222,25,0,0,0,1.08,-195,-195,-133,0,0.3,-8.9,-0.615,0,0,-0.009,1,0.06,6,22
137.2663,296411,0.843,0.645,-9.89,-28,-0.045,47,0,0,0,1.08,-199,-199,-134,0,0.292,-19.61,-1,0,0,-0.026,1,0.066,6,22
137.2853,296431,0.692,0.554,-9.33,29,0.046,83,0,0,0,0.8,-186,-186,-152,0,0.304,2.18,1,0,0,-0.12,1,0.054,7,22
137.3126,296451,0.537,0.595,-7.37,3,0.005,166,0,0,0,0.11,-148,-148,-119,0,0.395,28.91,0.8883,0,0,-0.077,1,0.641,5,22
137.3505,296491,0.133,0.653,-5.83,-33,-0.053,438,0,0,0,1.01,-193,-193,-122,0,0.288,3.59,0.5476,0,0,0.009,1,0.121,5,22
137.3683,296511,-0.039,0.72,-5.27,-75,-0.12,584,0,0,0,0.87,-186,-186,-116,0,0.298,8.05,1,0,0,0.009,1,0.067,6,22
137.3856,296531,-0.164,0.798,-3.45,-124,-0.198,682,0,0,0,1.29,-219,-219,-133,0,0.261,-7.87,-0.1761,0,0,0,1,0.152,4,22
137.4038,296551,-0.24,0.987,-0.8,-242,-0.387,807,0,0,0,0.94,-202,-202,-145,0,0.24,-20.92,-1,0,0,0.004,1,0.118,4,22
137.4479,296591,-0.215,1.133,3.19,-333,-0.533,816,0,0,0,-0.03,-164,-164,-104,0,0.286,-13.44,-1,0,0,0,1,0.048,6,22
137.4668,296611,-0.141,1.323,5.64,-452,-0.723,848,0,0,0,0.59,-196,-196,-57,0,0.255,-6.55,-0.015,0,0,0,1,0.146,5,22
137.4915,296631,-0.027,1.51,8.64,-569,-0.91,842,0,0,0,0.94,-214,-214,-28,0,0.264,-12.69,-0.6385,0,0,0.004,1,0.152,3,22
137.5046,296651,0.124,1.53,9.9,-581,-0.93,735,0,0,0,1.36,-235,-235,-57,0,0.363,13.97,0.4523,0,0,0.017,1,0.581,4,22
137.5631,296691,0.522,1.568,9.34,-605,-0.968,502,0,0,0,-0.38,-148,-148,-111,0,0.385,27.96,0.8991,0,0,0.115,1,0.584,2,22
137.5671,296711,0.712,1.618,7.45,-636,-1.018,455,0,0,0,-1.08,-117,-117,-115,0,0.378,27.56,0.924,0,0,0.038,1,0.319,4,22
137.5914,296731,0.88,1.627,8.64,-642,-1.027,323,0,0,0,-0.8,-131,-131,-116,0,0.397,26.41,0.8271,0,0,0.026,1,0.664,1,22
137.6109,296751,1.031,1.637,5.78,-648,-1.037,299,0,0,0,-0.73,-132,-132,-116,0,0.307,-0.34,0.4572,0,0,0,1,0.067,4,22
137.6491,296791,1.273,1.574,10.04,-609,-0.974,12,0,0,0,-0.73,-123,-123,-108,0,0.34,25.96,1,0,0,0.171,1,0.587,3,22
137.6766,296811,1.297,1.558,2,-599,-0.958,135,0,0,0,-1.15,-106,-106,-98,0,0.512,30.49,0.5406,0,0,0.017,1,0.529,4,22
137.6852,296831,1.329,1.568,1.79,-605,-0.968,108,0,0,0,-0.38,-145,-145,-74,0,0.32,6.91,1,0,0,0.043,1,0.054,6,22
137.7047,296851,1.391,1.61,-0.59,-631,-1.01,162,0,0,0,-0.66,-131,-131,-38,0,-0.431,-77.38,-0.1349,0,0,0.188,1,0.129,6,22
137.7648,296891,1.378,1.419,-1.5,-512,-0.819,56,0,0,0,-0.94,-131,-131,-53,0,0.274,-11.53,-0.4888,0,0,0.077,1,0.133,6,22
137.768,296911,1.348,1.328,-3.8,-455,-0.728,58,0,0,0,-1.29,-108,-108,-61,0,0.262,-23.82,-1,0,0,-0.004,1,0.125,8,22
137.7919,296931,1.332,1.229,-3.03,-393,-0.629,-8,0,0,0,-0.73,-134,-134,-75,0,0.319,-7.78,-1,0,0,-0.004,1,0.037,9,22
137.8037,296951,1.295,1.184,-4.29,-365,-0.584,14,0,0,0,-0.31,-146,-146,-65,0,0.3,-4.77,-0.2905,0,0,0.03,1,0.104,8,22
137.8513,296991,1.349,1.027,2.49,-267,-0.427,-231,0,0,0,-1.78,-30,-30,-77,0,0.328,9.28,0.9287,0,0,0.184,1,0.047,7,22
137.8663,297011,1.191,0.946,1.65,-216,-0.346,-199,0,0,0,-1.29,-48,-48,-89,0,0.259,-17.94,-0.7753,0,0,0.064,1,0.148,5,22
137.8851,297031,1.039,0.907,-3.87,-192,-0.307,-19,0,0,0,0.32,-132,-132,-90,0,0.274,-12.38,-0.5103,0,0,-0.004,1,0.116,7,22
137.9125,297051,0.933,0.88,-6.25,-175,-0.28,59,0,0,0,1.08,-171,-171,-84,0,0.303,-9.95,-1,0,0,0.009,1,0.027,10,22
137.9667,297091,0.673,0.926,-17.09,-204,-0.326,509,0,0,0,2.9,-283,-283,-59,0,0.262,-23.43,-1,0,0,0.231,1,0.101,8,22
137.967,297111,0.844,0.947,-3.03,-217,-0.347,155,0,0,0,0.59,-178,-178,-94,0,0.454,37.64,0.8262,0,0,0.124,1,0.597,4,22
137.9854,297131,0.779,0.928,3.19,-205,-0.328,85,0,0,0,0.04,-154,-154,-98,0,0.266,-20.51,-1,0,0,0.064,1,0.098,7,22
138.005,297151,0.637,0.96,4.8,-225,-0.36,116,0,0,0,-1.99,-50,-50,-112,0,0.279,-11.54,-0.9623,0,0,-0.013,1,0.077,9,22
138.057,297191,0.533,0.918,-0.59,-199,-0.318,254,0,0,0,-0.66,-108,-108,-100,0,0.28,-28.02,-1,0,0,0.026,1,0.035,10,22
138.0675,297211,0.537,0.781,-1.15,-113,-0.181,171,0,0,0,-0.31,-121,-121,-135,0,0.278,-5.61,0.1085,0,0,0.021,1,0.103,8,22
138.0864,297231,0.501,0.891,-2.55,-182,-0.291,309,0,0,0,-1.08,-79,-79,-119,0,0.259,-24.05,-1,0,0,0.231,1,0.067,10,22
138.1037,297251,0.55,0.928,-5.55,-205,-0.328,337,0,0,0,-1.64,-27,-27,-112,0,0.259,-22.89,-1,0,0,-0.009,1,0.063,9,22
138.1631,297291,0.564,0.931,-1.92,-207,-0.331,283,0,0,0,-0.52,-73,-73,-77,0,0.296,-28.62,-1,0,0,-0.017,1,0.028,10,22
138.1759,297311,0.558,0.979,0.74,-237,-0.379,256,0,0,0,0.59,-125,-125,-57,0,0.261,-24.21,-1,0,0,0.004,1,0.071,10,22
138.1851,297331,0.565,0.947,0.67,-217,-0.347,240,0,0,0,0.66,-125,-125,-62,0,0.276,-6.28,0.1398,0,0,0.009,1,0.092,9,22
138.2047,297351,0.557,0.952,0.95,-220,-0.352,236,0,0,0,0.59,-120,-120,-60,0,0.279,-11.47,-0.6663,0,0,0.026,1,0.06,9,22
138.2489,297391,0.539,0.997,0.32,-248,-0.397,281,0,0,0,-0.24,-83,-83,-49,0,0.254,-20.86,-1,0,0,0.06,1,0.089,8,22
138.269,297411,0.541,0.926,0.74,-204,-0.326,236,0,0,0,0.25,-109,-109,-75,0,0.299,-11.73,-1,0,0,-0.009,1,0.019,11,22
138.2885,297431,0.554,0.976,-0.94,-235,-0.376,295,0,0,0,-0.38,-78,-78,-61,0,0.285,-1,0.5199,0,0,0,1,0.092,8,22
138.3065,297451,0.564,1.006,0.95,-254,-0.406,272,0,0,0,-0.24,-86,-86,-51,0,0.27,-22.14,-1,0,0,-0.004,1,0.067,9,22
138.3694,297491,0.559,1.085,1.72,-303,-0.485,306,0,0,0,0.18,-107,-107,-26,0,0.276,-10.08,-0.3918,0,0,-0.004,1,0.064,10,22
138.3696,297511,0.569,1.038,1.58,-274,-0.438,276,0,0,0,-0.38,-80,-80,-43,0,0.271,-37.43,-1,0,0,-0.004,1,0.027,11,22
138.388,297531,0.582,1.078,1.72,-299,-0.478,285,0,0,0,-0.73,-65,-65,-34,0,0.261,-10.59,-0.0641,0,0,-0.021,1,0.066,10,22
138.4064,297551,0.602,1,-1.08,-250,-0.4,284,0,0,0,0.25,-114,-114,-60,0,0.27,-11.68,-0.2815,0,0,-0.15,1,0.063,10,22
138.4476,297591,0.705,1.098,0.04,-311,-0.498,266,0,0,0,0.32,-112,-112,-32,0,0.287,-10.16,-0.9495,0,0,-0.06,1,0.059,9,22
138.4664,297611,0.774,1.195,5.15,-372,-0.595,173,0,0,0,0.73,-129,-129,-3,0,0.29,-7.29,-0.5232,0,0,-0.09,1,0.065,9,22
138.4836,297631,0.773,1.096,2.28,-310,-0.496,173,0,0,0,-0.31,-76,-76,-36,0,0.283,-23.63,-1,0,0,-0.068,1,0.043,10,22
138.5025,297651,0.787,1.101,3.54,-313,-0.501,130,0,0,0,0.39,-111,-111,-34,0,0.278,-15.29,-1,0,0,-0.064,1,0.053,10,22
138.5634,297691,0.858,1.088,1.23,-305,-0.488,115,0,0,0,0.87,-131,-131,-36,0,0.313,-1.94,-1,0,0,-0.068,1,0.031,11,22
138.5672,297711,0.899,1.069,-0.1,-293,-0.469,109,0,0,0,0.8,-126,-126,-39,0,0.313,-1.71,-1,0,0,-0.09,1,0.028,10,22
138.5917,297731,0.945,1.003,-0.87,-252,-0.403,59,0,0,0,0.59,-112,-112,-57,0,0.263,-35.63,-1,0,0,-0.073,1,0.057,10,22
138.6038,297751,0.958,0.981,0.67,-238,-0.381,4,0,0,0,0.87,-126,-126,-60,0,0.272,-18.66,-1,0,0,-0.047,1,0.079,9,22
138.6505,297791,0.914,1.016,0.11,-260,-0.416,62,0,0,0,0.66,-119,-119,-87,0,0.313,-4.71,-1,0,0,-0.043,1,0.031,10,22
138.6693,297811,0.921,1.059,-0.45,-287,-0.459,99,0,0,0,0.11,-90,-90,-129,0,0.28,-14.98,-1,0,0,-0.154,1,0.117,8,22
138.6915,297831,0.888,1.234,0.25,-396,-0.634,211,0,0,0,0.52,-110,-110,-87,0,0.311,-5.78,-1,0,0,-0.038,1,0.028,9,22
138.7087,297851,0.883,1.118,0.46,-324,-0.518,146,0,0,0,0.59,-114,-114,-122,0,0.261,-21.79,-1,0,0,-0.064,1,0.073,9,22
138.7518,297891,0.905,1.029,0.53,-268,-0.429,73,0,0,0,-0.03,-78,-78,-130,0,0.28,-12.91,-0.9582,0,0,-0.038,1,0.096,8,22
138.7714,297911,0.912,0.986,0.39,-241,-0.386,42,0,0,0,-0.38,-61,-61,-120,0,0.305,0.47,0.3574,0,0,-0.004,1,0.058,7,22
138.7887,297931,0.91,0.978,0.74,-236,-0.378,30,0,0,0,-0.03,-79,-79,-118,0,0.271,-13.23,-0.743,0,0,0.009,1,0.11,7,22
138.8079,297951,0.902,0.936,-0.24,-210,-0.336,27,0,0,0,0.25,-95,-95,-105,0,0.253,-18.65,-0.8274,0,0,0,1,0.125,7,22
138.8483,297991,0.887,0.986,-0.59,-241,-0.386,77,0,0,0,0.52,-113,-113,-121,0,0.313,5.41,0.5552,0,0,-0.077,1,0.048,8,22
138.8714,298011,0.893,1.034,0.67,-271,-0.434,68,0,0,0,1.78,-174,-174,-136,0,0.314,3.86,0.1361,0,0,-0.167,1,0.042,8,22
138.8845,298031,0.885,1.069,-0.45,-293,-0.469,132,0,0,0,0.73,-120,-120,-147,0,0.25,-16.11,-0.7065,0,0,-0.021,1,0.112,8,22
138.9069,298051,0.89,1.01,-0.45,-256,-0.41,86,0,0,0,1.01,-131,-131,-128,0,0.262,-18.63,-0.9699,0,0,-0.068,1,0.142,6,22
138.9658,298091,0.941,1.275,1.86,-422,-0.675,182,0,0,0,0.8,-113,-113,-148,0,0.305,-10.45,-1,0,0,-0.013,1,0.053,7,22
138.967,298111,0.951,1.211,2.7,-382,-0.611,118,0,0,0,0.87,-115,-115,-169,0,0.281,-4.95,0.0282,0,0,0.009,1,0.125,7,22
138.9941,298131,1.002,1.198,1.93,-374,-0.598,96,0,0,0,1.22,-131,-131,-180,0,0.642,33.46,0.2332,0,0,0.004,1,0.536,5,22
139.0044,298151,1.035,1.16,2.56,-350,-0.56,30,0,0,0,1.5,-146,-146,-173,0,0.302,-8.4,-0.8374,0,0,-0.013,1,0.079,6,22
139.0503,298191,1.128,1.365,2.7,-478,-0.765,101,0,0,0,0.59,-105,-105,-239,0,0.532,15.61,-0.2389,0,0,0,1,0.715,5,22
139.0663,298211,1.185,1.322,2.91,-451,-0.722,38,0,0,0,1.01,-126,-126,-226,0,0.305,-9.21,-1,0,0,0.004,1,0.073,14,22
139.0854,298231,1.238,1.336,3.4,-460,-0.736,0,0,0,0,0.66,-107,-107,-230,0,0.296,-15.65,-1,0,0,0.004,1,0.073,17,22
139.1047,298251,1.309,1.334,4.24,-459,-0.734,-60,0,0,0,0.8,-112,-112,-230,0,0.311,8.08,1,0,0,0.017,1,0.079,16,22
139.163,298291,1.429,0.955,1.79,-222,-0.355,-338,0,0,0,-0.31,-68,-68,-111,0,0.304,-5.22,-0.2904,0,0,0.086,1,0.06,15,22
139.1655,298311,1.494,0.954,0.95,-221,-0.354,-368,0,0,0,-0.1,-87,-87,-111,0,0.454,17.77,0.2719,0,0,0.051,1,0.592,15,22
139.1887,298331,1.513,0.645,-0.31,-28,-0.045,-553,0,0,0,-1.01,-43,-43,-75,0,0.31,-10.29,-1,0,0,0.021,1,0.054,17,22
139.2119,298351,1.492,0.656,-1.08,-35,-0.056,-523,0,0,0,-1.99,20,20,-113,0,0.252,-17.73,-0.7088,0,0,-0.004,1,0.155,15,22
139.251,298391,1.318,0.48,-5.2,75,0.12,-451,0,0,0,-0.87,-23,-23,-125,0,0.307,-13.95,-1,0,0,0.038,1,0.042,18,22
139.2694,298411,1.139,0.152,-5.76,280,0.448,-549,0,0,0,1.78,-150,-150,-65,0,0.267,-11.55,-0.433,0,0,0.18,1,0.147,16,22
139.2902,298431,0.983,0.074,-11.85,329,0.526,-369,0,0,0,-0.17,-45,-45,-20,0,0.269,-12.66,-0.6445,0,0,0.034,1,0.14,16,22
139.3022,298451,0.805,-0.102,-10.87,439,0.702,-391,0,0,0,-0.31,-40,-40,38,0,0.258,-17.55,-0.8653,0,0,0.098,1,0.125,16,22
139.3655,298491,0.43,-0.083,-7.37,427,0.683,-201,0,0,0,0.52,-88,-88,1,0,0.255,-15.85,-0.7627,0,0,0.009,1,0.138,16,22
139.3671,298511,0.232,-0.085,-5.27,428,0.685,-113,0,0,0,-0.03,-60,-60,12,0,0.255,-18.71,-1,0,0,-0.004,1,0.118,18,22
139.3858,298531,0.022,-0.107,-4.64,442,0.707,-1,0,0,0,-0.45,-39,-39,24,0,0.259,-19.84,-1,0,0,0.021,1,0.115,18,22
139.4099,298551,-0.161,-0.038,-4.43,399,0.638,153,0,0,0,-0.59,-33,-33,4,0,0.293,-4.57,-1,0,0,0.026,1,0.046,0,22
139.4475,298591,-0.322,0.061,-1.78,337,0.539,307,0,0,0,4.58,-319,-319,-53,0,0.248,-15.77,-0.789,0,0,0.051,1,0.153,16,22
139.4677,298611,-0.387,0.11,0.11,306,0.49,328,0,0,0,-0.24,-101,-101,-19,0,0.253,-22.02,-1,0,0,0.051,1,0.082,19,22
139.4835,298631,-0.384,0.205,3.96,247,0.395,304,0,0,0,-0.24,-99,-99,-76,0,0.237,-26.34,-1,0,0,0.133,1,0.106,18,22
139.5027,298651,-0.337,0.176,3.26,265,0.424,277,0,0,0,-0.45,-88,-88,55,0,0.243,-21.61,-1,0,0,-0.004,1,0.144,17,22
139.5668,298691,-0.156,0.789,7.38,-118,-0.189,479,0,0,0,-0.03,-110,-110,-101,0,0.419,27.04,0.6781,0,0,-0.004,1,0.517,15,22
139.569,298711,-0.046,1.006,9.27,-254,-0.406,508,0,0,0,-0.52,-86,-86,-141,0,0.256,-21.96,-1,0,0,0.004,1,0.094,18,22
139.591,298731,0.106,0.978,8.85,-236,-0.378,407,0,0,0,-0.03,-110,-110,-177,0,0.275,-18.94,-1,0,0,0.077,1,0.084,0,22
139.6064,298751,0.332,1.061,18.57,-288,-0.461,88,0,0,0,-1.64,-25,-25,-109,0,0.275,-18.94,-1,0,0,0.235,1,0.084,20,22
139.6499,298791,0.782,1.05,5.92,-281,-0.45,59,0,0,0,-1.43,-25,-25,-47,0,0.27,-9.06,-0.0446,0,0,0.038,1,0.105,18,22
139.6666,298811,1.05,1.064,7.66,-290,-0.464,-128,0,0,0,-0.45,-64,-64,-33,0,0.265,-19.56,-1,0,0,0.077,1,0.094,19,22
139.6864,298831,1.275,1.069,6.41,-293,-0.469,-241,0,0,0,-0.87,-39,-39,-42,0,0.302,-20.26,-1,0,0,-0.009,1,0.035,1,22
139.7091,298851,1.482,1.128,7.52,-330,-0.528,-365,0,0,0,-0.87,-31,-31,-39,0,0.302,-20.26,-1,0,0,0.017,1,0.035,21,22
139.771,298891,1.729,0.771,1.23,-107,-0.171,-643,0,0,0,-0.31,-26,-26,-39,0,0.278,-27.38,-1,0,0,0.004,1,0.061,19,22
139.7711,298911,1.788,0.803,-0.45,-127,-0.203,-629,0,0,0,-1.08,18,18,31,0,0.269,-33.48,-1,0,0,0.026,1,0.052,1,22
139.7885,298931,1.729,0.507,-5.69,58,0.093,-693,0,0,0,-1.36,36,36,-53,0,0.269,-33.48,-1,0,0,0.068,1,0.052,21,22
139.804,298951,1.691,0.315,-6.11,178,0.285,-764,0,0,0,0.46,-41,-41,-98,0,0.304,-21.23,-1,0,0,0.111,1,0.042,0,22
139.8506,298991,1.41,0.013,-9.19,367,0.587,-733,0,0,0,1.29,-88,-88,-28,0,0.311,-13.16,-1,0,0,0.009,1,0.041,0,22
139.8658,299011,1.188,-0.03,-12.41,394,0.63,-561,0,0,0,0.52,-47,-47,-21,0,0.311,-13.16,-1,0,0,-0.004,1,0.041,20,22
139.8831,299031,0.963,-0.125,-9.33,453,0.725,-548,0,0,0,0.25,-30,-30,-16,0,0.278,-19.69,-1,0,0,0,1,0.057,0,22
139.9036,299051,0.747,-0.205,-9.54,503,0.805,-442,0,0,0,-0.31,-1,-1,-14,0,0.289,-1.84,0.2684,0,0,0.004,1,0.075,0,22
139.9678,299091,0.338,-0.266,-8.07,541,0.866,-244,0,0,0,0.87,-60,-60,-14,0,0.241,-25.09,-1,0,0,0,1,0.088,0,22
139.9683,299111,0.174,-0.264,-6.81,540,0.864,-165,0,0,0,0.32,-33,-33,-14,0,0.241,-25.09,-1,0,0,0,1,0.088,20,22
139.9861,299131,0.038,-0.242,-4.36,526,0.842,-107,0,0,0,0.73,-54,-54,-12,0,0.263,-13.18,-0.454,0,0,-0.009,1,0.078,19,22
140.004,299151,-0.083,-0.214,-4.01,509,0.814,-12,0,0,0,1.15,-75,-75,-15,0,0.257,-10.67,-0.309,0,0,-0.004,1,0.095,19,22
140.0476,299191,-0.176,-0.098,-0.03,436,0.698,58,0,0,0,1.78,-117,-117,-20,0,0.273,-7.65,-0.2681,0,0,0,1,0.078,19,22
140.0662,299211,-0.16,-0.048,2.35,405,0.648,30,0,0,0,1.22,-94,-94,-16,0,0.266,-9.55,-0.2299,0,0,-0.009,1,0.064,1,22
140.088,299231,-0.104,-0.077,3.82,423,0.677,-48,0,0,0,0.87,-77,-77,15,0,0.266,-9.55,-0.2299,0,0,-0.009,1,0.064,21,22
140.1023,299251,-0.04,-0.035,3.89,397,0.635,-67,0,0,0,0.8,-73,-73,5,0,0.259,-9.61,0.0667,0,0,-0.021,1,0.071,1,22
140.1639,299291,0.136,-0.014,4.87,384,0.614,-177,0,0,0,0.18,-41,-41,-25,0,0.251,-14.19,-0.4391,0,0,-0.086,1,0.066,21,22
140.1699,299311,0.2,0.069,2.98,332,0.531,-128,0,0,0,-0.17,-23,-23,-27,0,0.274,-17.28,-0.9322,0,0,-0.086,1,0.04,1,22
140.1895,299331,0.328,0.184,6.34,260,0.416,-211,0,0,0,0.11,-35,-35,-44,0,0.261,-16.63,-0.6244,0,0,-0.077,1,0.085,0,22
140.2026,299351,0.418,-0.003,3.12,377,0.603,-321,0,0,0,0.32,-45,-45,-26,0,0.259,-18.65,-1,0,0,-0.06,1,0.083,0,22
140.2491,299391,0.648,-0.035,3.89,397,0.635,-495,0,0,0,-0.59,2,2,-76,0,0.293,-21.82,-1,0,0,-0.115,1,0.037,1,22
140.2647,299411,0.665,-0.134,1.51,459,0.734,-550,0,0,0,0.11,-32,-32,-55,0,0.293,-21.82,-1,0,0,-0.051,1,0.037,21,22
140.2827,299431,0.699,-0.093,0.53,433,0.693,-527,0,0,0,-0.17,-16,-16,-50,0,0.251,-26.65,-1,0,0,-0.107,1,0.082,19,22
140.3073,299451,0.655,-0.182,-4.78,489,0.782,-460,0,0,0,-0.24,-11,-11,-13,0,0.251,-27.82,-1,0,0,-0.047,1,0.081,19,22
140.3758,299491,0.568,-0.15,-3.87,469,0.75,-392,0,0,0,0.04,-25,-25,32,0,0.276,-11.88,-0.7353,0,0,-0.021,1,0.115,19,22
140.3762,299511,0.484,-0.13,-2.69,456,0.73,-349,0,0,0,0.04,-27,-27,22,0,0.302,-10.95,-1,0,0,0,1,0.037,0,22
140.3933,299531,0.38,-0.072,-2.89,420,0.672,-242,0,0,0,0.52,-52,-52,2,0,0.302,-1.7,-0.4873,0,0,-0.009,1,0.04,0,22
140.4069,299551,0.303,-0.053,-3.59,408,0.653,-180,0,0,0,1.5,-101,-101,-5,0,0.302,-1.7,-0.4873,0,0,-0.158,1,0.04,20,22
140.4463,299591,0.171,-0.048,-2.48,405,0.648,-102,0,0,0,0.87,-69,-69,-4,0,0.26,-26.29,-1,0,0,-0.03,1,0.069,19,22
140.4649,299611,0.115,-0.056,-2.13,410,0.656,-67,0,0,0,0.73,-62,-62,2,0,0.244,-29.66,-1,0,0,-0.073,1,0.12,17,22
140.4885,299631,0.082,-0.16,-2.06,475,0.76,-121,0,0,0,0.46,-48,-48,44,0,0.275,-9.93,-0.794,0,0,-0.051,1,0.117,18,22
140.5042,299651,0.057,-0.216,-2.41,510,0.816,-130,0,0,0,0.46,-47,-47,71,0,0.293,0.03,-0.0909,0,0,-0.026,1,0.05,19,22
140.564,299691,0.031,0.006,-0.17,371,0.594,-10,0,0,0,0.59,-54,-54,-11,0,0.241,-9.28,-0.0617,0,0,0.004,1,0.174,16,22
140.5669,299711,0.002,-0.046,-0.24,404,0.646,-29,0,0,0,0.39,-44,-44,-8,0,0.255,-16.19,-0.9411,0,0,0.004,1,0.146,16,22
140.5843,299731,-0.002,0.109,0.53,307,0.491,60,0,0,0,1.29,-89,-89,-59,0,0.267,-10.33,-0.4213,0,0,0,1,0.109,18,22
140.6109,299751,-0.009,0.12,1.3,300,0.48,54,0,0,0,1.15,-82,-82,-39,0,0.248,-14.98,-0.6059,0,0,-0.009,1,0.146,17,22
140.6466,299791,-0.001,0.227,1.09,233,0.373,122,0,0,0,0.52,-56,-56,-90,0,0.287,3.3,1,0,0,0,1,0.053,19,22
140.6718,299811,0.025,0.328,0.6,170,0.272,183,0,0,0,1.01,-81,-81,-76,0,0.259,-8.22,-0.1687,0,0,0,1,0.133,17,22
140.6833,299831,0.068,0.358,0.32,151,0.242,181,0,0,0,1.36,-110,-110,-73,0,0.242,-13.24,-0.3944,0,0,-0.004,1,0.147,17,22
140.7026,299851,0.141,0.496,0.95,65,0.104,210,0,0,0,1.01,-98,-98,-32,0,0.264,-6.7,-0.1766,0,0,0,1,0.16,16,22
140.7673,299891,0.282,0.525,2.77,47,0.075,110,0,0,0,-0.1,-42,-42,-77,0,0.258,-13.88,-0.6544,0,0,0,1,0.133,17,22
140.7674,299911,0.33,0.563,3.26,23,0.037,96,0,0,0,-0.38,-27,-27,-40,0,0.265,-14.48,-0.7761,0,0,0,1,0.103,18,22
140.7859,299931,0.374,0.757,3.54,-98,-0.157,182,0,0,0,-0.24,-34,-34,-66,0,0.257,-20.92,-1,0,0,0.017,1,0.108,17,22
140.8037,299951,0.419,0.733,3.4,-83,-0.133,139,0,0,0,0.59,-76,-76,-52,0,0.243,-13.37,-0.3769,0,0,0.013,1,0.172,15,22
140.848,299991,0.542,0.731,3.12,-82,-0.131,62,0,0,0,0.59,-79,-79,-63,0,0.256,-15.24,-0.6821,0,0,0.086,1,0.126,18,22
140.866,300011,0.611,0.824,2.84,-140,-0.224,86,0,0,0,0.46,-76,-76,-78,0,0.245,-18.59,-0.7972,0,0,0.047,1,0.145,17,22
140.8838,300031,0.679,0.786,3.4,-116,-0.186,7,0,0,0,0.73,-91,-91,-60,0,0.492,22.25,0.229,0,0,0.026,1,0.597,14,22
140.9083,300051,0.742,0.84,2.77,-150,-0.24,15,0,0,0,0.25,-66,-66,-75,0,0.393,30.93,0.8955,0,0,0,1,0.575,15,22
140.9717,300091,0.873,0.714,2.49,-71,-0.114,-147,0,0,0,-0.1,-42,-42,-36,0,0.248,-17.66,-0.8537,0,0,0.017,1,0.133,16,22
140.9718,300111,0.938,0.757,2.14,-98,-0.157,-152,0,0,0,0.66,-77,-77,-49,0,0.303,-4.15,-0.8971,0,0,0.047,1,0.054,19,22
140.9841,300131,0.943,0.853,-1.71,-158,-0.253,-6,0,0,0,-0.24,-43,-43,-79,0,0.261,-18.1,-0.9637,0,0,0.192,1,0.135,17,22
141.0019,300151,0.934,0.73,0.46,-81,-0.13,-162,0,0,0,-0.31,-44,-44,-41,0,0.247,-22,-1,0,0,0.013,1,0.106,18,22
141.0516,300191,1.001,0.581,-3.8,12,0.019,-207,0,0,0,-0.52,-38,-38,-15,0,0.251,-27.25,-1,0,0,0.12,1,0.1,19,22
141.069,300211,1.022,0.474,-1.43,79,0.126,-322,0,0,0,-0.87,-22,-22,-43,0,0.302,-16.45,-1,0,0,0.013,1,0.04,19,22
141.088,300231,1,0.642,-1.5,-26,-0.042,-201,0,0,0,-0.66,-31,-31,-85,0,0.255,-23.64,-1,0,0,-0.009,1,0.09,19,22
141.1077,300251,0.957,0.486,0.25,71,0.114,-310,0,0,0,-1.29,3,3,-101,0,0.266,-11.59,-0.3991,0,0,-0.009,1,0.107,19,22
141.1638,300291,0.886,0.133,-1.85,292,0.467,-457,0,0,0,-0.87,-10,-10,0,0,0.246,-27.79,-1,0,0,0.034,1,0.13,17,22
141.1718,300311,0.774,-0.022,-15.41,389,0.622,-184,0,0,0,-2.27,61,61,-23,0,0.253,-18.25,-0.9041,0,0,0.167,1,0.133,18,22
141.1901,300331,0.797,-0.027,-7.09,392,0.627,-387,0,0,0,-0.66,-5,-5,-23,0,0.25,-25.45,-1,0,0,0.081,1,0.089,0,22
141.2087,300351,0.753,-0.115,-6.25,447,0.715,-416,0,0,0,-0.87,-2,-2,-37,0,0.25,-25.45,-1,0,0,0.009,1,0.089,20,22
141.2495,300391,0.462,-0.133,-5.06,458,0.733,-286,0,0,0,-1.08,16,16,21,0,0.251,-17.06,-0.7983,0,0,0.013,1,0.108,0,22
141.2689,300411,0.309,-0.19,-5.27,494,0.79,-237,0,0,0,-0.59,-7,-7,35,0,0.251,-17.06,-0.7983,0,0,0.017,1,0.108,20,22
141.2885,300431,0.086,-0.216,-12.69,510,0.816,89,0,0,0,-5.21,225,225,36,0,0.252,-14.45,-0.6884,0,0,0.205,1,0.15,16,22
141.306,300451,0.132,-0.11,-0.73,444,0.71,-136,0,0,0,-0.66,11,11,26,0,0.244,-25.37,-1,0,0,0.124,1,0.092,19,22
141.3653,300491,-0.214,0.029,1.23,357,0.571,122,0,0,0,0.32,-59,-59,22,0,0.259,-16.22,-1,0,0,-0.013,1,0.071,1,22
141.3676,300511,-0.331,0.093,0.32,317,0.507,247,0,0,0,0.18,-52,-52,24,0,0.252,-24.25,-1,0,0,-0.017,1,0.07,0,22
141.3897,300531,-0.38,0.133,-1.78,292,0.467,357,0,0,0,0.25,-56,-56,-13,0,0.268,-2.01,0.7703,0,0,-0.004,1,0.064,1,22
141.4058,300551,-0.356,0.23,-1.43,231,0.37,399,0,0,0,0.25,-58,-58,-23,0,0.271,-18.49,-1,0,0,0,1,0.028,2,22
141.4564,300591,-0.122,0.485,4.73,72,0.115,314,0,0,0,0.25,-60,-60,-25,0,0.271,-8.05,-0.2337,0,0,0.009,1,0.063,0,22
141.4666,300611,0.035,0.538,9.55,39,0.062,154,0,0,0,-0.17,-39,-39,-2,0,0.265,-16.3,-1,0,0,0.021,1,0.079,0,22
141.4932,300631,0.166,0.485,9.27,72,0.115,44,0,0,0,-1.01,3,3,29,0,0.265,-16.3,-1,0,0,0.017,1,0.079,20,22
141.5046,300651,0.299,0.643,8.71,-27,-0.043,65,0,0,0,-0.8,-8,-8,-70,0,0.258,-13.53,-0.5969,0,0,0.064,1,0.105,0,22
141.5665,300691,0.596,0.77,6.34,-106,-0.17,-6,0,0,0,-0.87,-12,-12,-70,0,0.263,-20.63,-1,0,0,0.013,1,0.07,1,22
141.5682,300711,0.741,0.79,6.34,-119,-0.19,-85,0,0,0,-0.31,-42,-42,-66,0,0.268,-14.76,-0.7163,0,0,-0.017,1,0.049,2,22
141.5879,300731,0.882,0.93,5.15,-206,-0.33,-64,0,0,0,-1.78,33,33,-36,0,0.275,-15.27,-1,0,0,-0.171,1,0.059,1,22
141.6135,300751,1.029,0.861,3.47,-163,-0.261,-167,0,0,0,-1.29,12,12,-39,0,0.276,-13.19,-0.8312,0,0,-0.047,1,0.053,2,22
141.648,300791,1.253,0.733,2.84,-83,-0.133,-383,0,0,0,-0.52,-18,-18,-37,0,0.283,-16.9,-1,0,0,-0.068,1,0.054,21,22
141.6691,300811,1.337,0.757,2.49,-98,-0.157,-421,0,0,0,-0.8,-3,-3,23,0,0.284,-1.05,1,0,0,-0.056,1,0.084,0,22
141.6875,300831,1.383,0.786,2.63,-116,-0.186,-439,0,0,0,-0.94,2,2,-47,0,0.288,-21.09,-1,0,0,-0.068,1,0.042,2,22
141.7057,300851,1.434,0.445,-0.24,97,0.155,-617,0,0,0,-0.94,13,13,-116,0,0.249,-34.19,-1,0,0,-0.103,1,0.062,1,22
141.7633,300891,1.381,-0.102,-2.48,439,0.702,-907,0,0,0,-1.85,64,64,-35,0,0.3,-19.74,-1,0,0,-0.086,1,0.033,1,22
141.7664,300911,1.279,-0.318,-8.98,574,0.918,-866,0,0,0,-0.38,11,11,-14,0,0.287,-31.62,-1,0,0,-0.094,1,0.048,2,22
141.7845,300931,1.115,-0.387,-7.79,617,0.987,-832,0,0,0,-0.73,44,44,17,0,0.287,-27.65,-1,0,0,-0.064,1,0.05,1,22
141.8026,300951,0.903,-0.248,-11.15,530,0.848,-537,0,0,0,-0.52,36,36,11,0,0.267,-20.65,-1,0,0,-0.107,1,0.092,0,22
141.8496,300991,0.348,-0.238,-11.71,524,0.838,-168,0,0,0,-1.01,63,63,8,0,0.256,-23.34,-1,0,0,-0.051,1,0.086,1,22
141.8689,301011,0.107,-0.235,-8.98,522,0.835,-63,0,0,0,1.08,-42,-42,10,0,0.258,-22.05,-1,0,0,-0.068,1,0.078,1,22
141.8834,301031,-0.072,-0.221,-6.74,513,0.821,32,0,0,0,0.46,-11,-11,10,0,0.258,-22.05,-1,0,0,-0.111,1,0.078,21,22
141.9006,301051,-0.272,-0.173,-5.41,483,0.773,156,0,0,0,0.18,3,3,11,0,0.305,16.23,1,0,0,-0.026,1,0.054,0,22
141.9506,301091,-0.43,-0.037,0.11,398,0.637,249,0,0,0,1.15,-66,-66,-14,0,0.254,-20.19,-1,0,0,0,1,0.102,20,22
141.9695,301111,-0.452,-0.078,3.26,424,0.678,181,0,0,0,0.87,-57,-57,-18,0,0.3,12.66,1,0,0,-0.09,1,0.042,0,22
141.9893,301131,-0.405,0.016,2.21,365,0.584,229,0,0,0,0.46,-37,-37,-84,0,0.258,-14.99,-0.8878,0,0,-0.103,1,0.081,0,22
142.0084,301151,-0.353,0.072,4.66,330,0.528,186,0,0,0,0.94,-62,-62,-73,0,0.258,-14.99,-0.8878,0,0,-0.034,1,0.081,20,22
142.0478,301191,-0.185,0.443,5.08,98,0.157,305,0,0,0,1.5,-92,-92,-38,0,0.26,-16.74,-1,0,0,-0.056,1,0.09,0,22
142.0747,301211,-0.055,0.544,5.71,35,0.056,284,0,0,0,1.08,-71,-71,-14,0,0.26,-16.74,-1,0,0,-0.021,1,0.09,20,22
142.0848,301231,0.093,0.472,5.71,80,0.128,135,0,0,0,0.94,-64,-64,30,0,0.257,-17.58,-0.9769,0,0,0.004,1,0.091,19,22
142.1074,301251,0.286,0.523,6.69,48,0.077,34,0,0,0,0.8,-57,-57,-51,0,0.246,-15.98,-0.6505,0,0,0,1,0.151,16,22
142.1632,301291,0.538,0.806,5.5,-129,-0.206,77,0,0,0,-0.73,18,18,-79,0,0.302,9.71,1,0,0,-0.013,1,0.073,18,22
142.1665,301311,0.646,0.826,4.52,-141,-0.226,35,0,0,0,-0.17,-12,-12,-76,0,0.251,-12.58,-0.3719,0,0,0,1,0.166,16,22
142.1928,301331,0.74,0.962,4.8,-226,-0.362,57,0,0,0,-0.03,-20,-20,-47,0,0.297,-1.6,0.4951,0,0,0,1,0.061,18,22
142.2023,301351,0.823,0.946,4.66,-216,-0.346,-6,0,0,0,0.32,-39,-39,-85,0,0.306,5,0.6604,0,0,0.004,1,0.06,18,22
142.2504,301391,1.004,0.846,2.35,-154,-0.246,-144,0,0,0,-0.24,-10,-10,-75,0,0.27,-7.74,-0.0962,0,0,0,1,0.123,19,22
142.2698,301411,1.069,0.779,1.23,-112,-0.179,-208,0,0,0,-0.03,-19,-19,-55,0,0.265,-11.49,-0.4327,0,0,0,1,0.149,18,22
142.2882,301431,1.111,0.664,0.18,-40,-0.064,-289,0,0,0,-0.1,-15,-15,-20,0,0.286,-4.13,0.0008,0,0,0,1,0.155,17,22
142.3031,301451,1.14,0.621,-1.01,-13,-0.021,-317,0,0,0,-0.73,18,18,-7,0,0.391,16.09,0.4544,0,0,0.004,1,0.568,15,22
142.3523,301491,1.094,0.574,-1.5,16,0.026,-308,0,0,0,-0.1,-11,-11,-9,0,0.463,28.73,0.6436,0,0,0.013,1,0.516,16,22
142.3702,301511,1.041,0.605,-2.27,-3,-0.005,-243,0,0,0,-0.45,8,8,-130,0,0.267,-14.84,-0.7666,0,0,0.013,1,0.104,18,22
142.3869,301531,0.957,0.374,-3.66,141,0.226,-315,0,0,0,-0.94,34,34,-19,0,0.267,-10.14,-0.3425,0,0,0.026,1,0.157,16,22
142.4097,301551,0.877,0.283,-5.83,198,0.317,-279,0,0,0,-0.31,2,2,-24,0,0.289,-15.41,-1,0,0,0.034,1,0.048,19,22
142.4486,301591,0.691,0.2,-7.3,250,0.4,-186,0,0,0,-0.24,-7,-7,-12,0,0.26,-17.72,-0.8233,0,0,0.064,1,0.184,15,22
142.4725,301611,0.567,0.021,-8.42,362,0.579,-200,0,0,0,0.52,-45,-45,-58,0,0.311,28.4,1,0,0,0.017,1,0.042,0,22
142.4866,301631,0.45,-0.035,-7.58,397,0.635,-173,0,0,0,0.32,-34,-34,-35,0,0.311,28.4,1,0,0,0,1,0.042,20,22
142.5068,301651,0.296,-0.069,-7.58,418,0.669,-96,0,0,0,-0.24,-5,-5,-74,0,0.257,-19.7,-1,0,0,0.017,1,0.101,19,22
142.5629,301691,-0.01,-0.162,-6.67,476,0.762,37,0,0,0,0.11,-22,-22,-84,0,0.369,32.68,1,0,0,0.145,1,0.488,17,22
142.5655,301711,-0.163,-0.054,-5.55,409,0.654,168,0,0,0,0.04,-18,-18,-87,0,0.263,-7.3,-0.165,0,0,0.013,1,0.124,0,22
142.5845,301731,-0.322,-0.006,-4.85,379,0.606,300,0,0,0,0.39,-35,-35,-89,0,0.263,-7.3,-0.165,0,0,0.128,1,0.124,20,22
142.6024,301751,-0.438,0.096,-3.03,315,0.504,397,0,0,0,0.39,-33,-33,-70,0,0.241,-14.19,-0.5738,0,0,0.068,1,0.13,19,22
142.6515,301791,-0.5,0.44,2.07,100,0.16,568,0,0,0,0.39,-32,-32,-39,0,0.275,-12.42,-1,0,0,-0.004,1,0.091,1,22
142.6717,301811,-0.484,0.344,3.61,160,0.256,472,0,0,0,0.8,-55,-55,-7,0,0.256,-16.08,-1,0,0,0.009,1,0.085,1,22
142.685,301831,-0.397,0.629,6.27,-18,-0.029,555,0,0,0,1.64,-101,-101,-33,0,0.256,-16.08,-1,0,0,0.038,1,0.085,21,22
142.7078,301851,-0.3,0.97,9.97,-231,-0.37,633,0,0,0,0.87,-86,-86,-33,0,0.236,-23.85,-1,0,0,0.231,1,0.15,19,22
142.7635,301891,-0.016,1.338,10.11,-461,-0.738,692,0,0,0,-0.52,-12,-12,-22,0,0.251,-19.03,-1,0,0,0.068,1,0.139,18,22
142.7653,301911,0.218,1.384,11.72,-490,-0.784,549,0,0,0,-0.8,1,1,-18,0,0.26,-12.94,-0.7716,0,0,-0.004,1,0.144,18,22
142.7839,301931,0.48,1.35,12.7,-469,-0.75,335,0,0,0,-1.36,30,30,-10,0,0.255,-17.62,-1,0,0,-0.009,1,0.11,19,22
142.8029,301951,0.769,1.341,12.98,-463,-0.741,136,0,0,0,-0.66,1,1,-21,0,0.271,-20.32,-1,0,0,0.026,1,0.082,0,22
142.8493,301991,1.243,1.333,9.76,-458,-0.733,-122,0,0,0,2.97,-166,-166,-19,0,0.257,-16.75,-0.8001,0,0,0.12,1,0.119,18,22
142.8643,302011,1.464,1.302,7.52,-439,-0.702,-237,0,0,0,-0.45,-1,-1,-16,0,0.465,11.69,-0.113,0,0,0.133,1,0.659,12,22
142.8844,302031,1.576,1.264,6.9,-415,-0.664,-326,0,0,0,-1.36,58,58,-8,0,0.259,-27.17,-1,0,0,-0.009,1,0.102,19,22
142.9003,302051,1.678,1.261,4.03,-413,-0.661,-326,0,0,0,-0.52,28,28,-1,0,0.276,-22.63,-1,0,0,0.086,1,0.078,1,22
142.9626,302091,1.783,1.123,0.67,-327,-0.523,-439,0,0,0,-2.06,125,125,22,0,0.313,-15.13,-1,0,0,0.009,1,0.037,2,22
142.9685,302111,1.761,0.787,-3.45,-117,-0.187,-563,0,0,0,-0.87,77,77,8,0,0.273,-16.56,-0.7158,0,0,0.026,1,0.105,0,22
142.987,302131,1.725,0.787,-3.17,-117,-0.187,-549,0,0,0,0.04,37,37,-36,0,0.273,-16.56,-0.7158,0,0,0.043,1,0.105,20,22
143.0132,302151,1.617,0.709,-3.66,-68,-0.109,-519,0,0,0,-1.43,99,99,69,0,0.254,-29.7,-1,0,0,0.094,1,0.123,18,22
143.0478,302191,1.312,0.054,-10.59,341,0.546,-626,0,0,0,-0.73,62,62,-29,0,0.283,-20.24,-1,0,0,0.017,1,0.073,1,22
143.0675,302211,1.171,-0.083,-13.38,427,0.683,-564,0,0,0,-0.31,46,46,-45,0,0.279,-17.63,-1,0,0,0.004,1,0.061,2,22
143.0848,302231,0.978,-0.158,-11.15,474,0.758,-535,0,0,0,-0.8,73,73,-55,0,0.263,-19.69,-1,0,0,0.009,1,0.08,1,22
143.1063,302251,0.724,-0.171,-10.94,482,0.771,-379,0,0,0,-0.1,39,39,-45,0,0.27,-13.72,-0.6576,0,0,0.004,1,0.083,1,22
143.1642,302291,0.178,-0.122,-10.52,451,0.722,-11,0,0,0,0.32,16,16,-3,0,0.257,-16.01,-0.8287,0,0,0.004,1,0.104,0,22
143.1681,302311,-0.063,-0.078,-9.75,424,0.678,165,0,0,0,0.8,-8,-8,15,0,0.27,-10.46,-0.1409,0,0,-0.009,1,0.065,1,22
143.1858,302331,-0.252,-0.05,-6.46,406,0.65,242,0,0,0,1.29,-33,-33,21,0,0.254,-13.7,-0.5832,0,0,-0.004,1,0.087,1,22
143.2047,302351,-0.414,-0.029,-4.01,393,0.629,320,0,0,0,1.29,-49,-49,11,0,0.254,-9.15,-0.1139,0,0,-0.004,1,0.081,1,22
143.2489,302391,-0.562,0.259,2.21,213,0.341,492,0,0,0,1.5,-68,-68,-6,0,0.269,-30.16,-1,0,0,0,1,0.024,23,22
143.2653,302411,-0.565,0.478,4.94,76,0.122,581,0,0,0,1.57,-92,-92,-2,0,0.252,-9.07,-0.0073,0,0,-0.013,1,0.094,0,22
143.2838,302431,-0.524,0.557,6.41,27,0.043,580,0,0,0,1.57,-102,-102,-1,0,0.252,-9.07,-0.0073,0,0,-0.026,1,0.094,20,22
143.305,302451,-0.39,0.546,7.04,34,0.054,474,0,0,0,0.32,-38,-38,13,0,0.275,-22.41,-1,0,0,-0.03,1,0.028,3,22
143.3636,302491,0.043,0.922,7.38,-201,-0.322,450,0,0,0,-0.31,-8,-8,-18,0,0.269,-18.15,-1,0,0,-0.098,1,0.049,3,22
143.3672,302511,0.277,1.13,12.63,-331,-0.53,322,0,0,0,0.11,-28,-28,-30,0,0.266,-11.98,-0.3491,0,0,-0.081,1,0.088,0,22
143.3842,302531,0.477,1.283,11.44,-427,-0.683,328,0,0,0,-0.03,-21,-21,16,0,0.263,-19.5,-1,0,0,-0.047,1,0.07,1,22
143.406,302551,0.687,1.25,11.51,-406,-0.65,155,0,0,0,-0.17,-13,-13,20,0,0.269,-17.84,-1,0,0,-0.158,1,0.085,1,22
143.4516,302591,1.165,1.157,6.9,-348,-0.557,-133,0,0,0,0.87,-64,-64,1,0,0.274,-12.62,-0.7539,0,0,-0.137,1,0.096,0,22
143.4665,302611,1.38,1.094,6.41,-309,-0.494,-291,0,0,0,1.01,-68,-68,8,0,0.702,69.8,0.3833,0,0,-0.068,1,0.08,0,22
143.4875,302631,1.552,1.099,3.47,-312,-0.499,-354,0,0,0,-0.24,-2,-2,-31,0,0.27,-26,-1,0,0,-0.103,1,0.076,0,22
143.5045,302651,1.669,0.936,1.93,-210,-0.336,-506,0,0,0,0.32,-24,-24,-61,0,0.27,-26,-1,0,0,-0.073,1,0.076,20,22
143.5642,302691,1.731,0.728,-0.24,-80,-0.128,-647,0,0,0,-1.22,66,66,20,0,0.327,12.7,1,0,0,-0.004,1,0.037,0,22
143.5681,302711,1.657,0.712,-2.27,-70,-0.112,-569,0,0,0,-0.8,47,47,-47,0,0.327,12.7,1,0,0,0.009,1,0.037,20,22
143.5856,302731,1.533,0.386,-5.83,134,0.214,-649,0,0,0,-0.45,24,24,-34,0,0.282,-16.23,-1,0,0,-0.038,1,0.1,19,22
143.6049,302751,1.42,0.168,-7.79,270,0.432,-666,0,0,0,-0.45,22,22,-8,0,0.283,-19.23,-1,0,0,-0.188,1,0.091,0,22
143.6497,302791,1.079,-0.072,-11.57,420,0.672,-538,0,0,0,-0.59,40,40,-2,0,0.32,3.27,0.013,0,0,-0.064,1,0.043,21,22
143.6655,302811,0.832,-0.038,-12.96,399,0.638,-329,0,0,0,-0.87,56,56,-3,0,0.286,-12.88,-1,0,0,-0.026,1,0.085,1,22
143.6865,302831,0.6,-0.077,-12.06,423,0.677,-223,0,0,0,-0.52,40,40,1,0,0.286,-12.88,-1,0,0,0.004,1,0.085,21,22
143.7077,302851,0.385,-0.099,-11.43,437,0.699,-107,0,0,0,0.52,-13,-13,3,0,0.266,-11.91,-0.5503,0,0,0.009,1,0.133,19,22
143.7668,302891,-0.034,-0.101,-8.14,438,0.701,108,0,0,0,1.57,-66,-66,8,0,0.268,-7.83,-0.1804,0,0,-0.026,1,0.135,16,22
143.7672,302911,-0.205,-0.069,-5.2,418,0.669,180,0,0,0,1.85,-91,-91,8,0,0.301,7.44,1,0,0,-0.009,1,0.061,19,22
143.7879,302931,-0.344,-0.018,-3.31,386,0.618,267,0,0,0,1.36,-76,-76,9,0,0.421,32.47,0.819,0,0,-0.073,1,0.653,10,22
143.8019,302951,-0.41,0.022,-0.52,361,0.578,289,0,0,0,0.59,-39,-39,-4,0,0.233,-18,-0.7941,0,0,-0.158,1,0.114,0,22
143.8462,302991,-0.475,0.214,2.77,241,0.386,394,0,0,0,0.73,-71,-71,-1,0,0.29,5.39,1,0,0,-0.051,1,0.065,0,22
143.864,303011,-0.442,0.458,3.68,89,0.142,512,0,0,0,1.15,-99,-99,-2,0,0.29,5.39,1,0,0,-0.038,1,0.065,20,22
143.8855,303031,-0.356,0.389,3.96,132,0.211,411,0,0,0,1.22,-110,-110,51,0,0.259,-9.74,-0.3445,0,0,-0.013,1,0.118,18,22
143.9001,303051,-0.229,0.518,5.99,51,0.082,379,0,0,0,1.01,-100,-100,-51,0,0.254,-12.18,-0.4497,0,0,0.004,1,0.118,19,22
143.9657,303091,0.043,1.032,9.13,-270,-0.432,473,0,0,0,0.39,-83,-83,-105,0,0.255,-12.85,-0.4242,0,0,0.034,1,0.132,18,22
143.9671,303111,0.204,1.214,10.6,-384,-0.614,452,0,0,0,0.11,-70,-70,-72,0,0.24,-12.81,-0.3148,0,0,0.056,1,0.164,17,22
143.9869,303131,0.384,1.232,10.32,-395,-0.632,353,0,0,0,-1.15,-9,-9,-37,0,0.261,-6.85,-0.0648,0,0,0.047,1,0.177,16,22
144.0043,303151,0.566,1.314,7.73,-446,-0.714,343,0,0,0,-1.01,-18,-18,21,0,0.242,-17.56,-0.6757,0,0,0.017,1,0.182,17,22
144.049,303191,1.02,1.494,9.97,-559,-0.894,131,0,0,0,-1.36,2,2,88,0,0.277,-3.35,0.296,0,0,-0.004,1,0.111,20,22
144.0644,303211,1.207,1.44,8.99,-525,-0.84,-13,0,0,0,-0.66,-29,-29,70,0,0.318,13.88,1,0,0,0.009,1,0.054,0,22
144.0825,303231,1.397,1.352,7.66,-470,-0.752,-165,0,0,0,-0.8,-16,-16,43,0,0.318,13.88,1,0,0,0.043,1,0.054,20,22
144.1049,303251,1.516,1.208,5.15,-380,-0.608,-281,0,0,0,-2.48,74,74,-7,0,0.32,15.78,1,0,0,0.103,1,0.054,19,22
144.1656,303291,1.746,0.955,3.26,-222,-0.355,-568,0,0,0,-0.87,29,29,-58,0,0.271,-16.31,-0.7569,0,0,0.038,1,0.136,19,22
144.1674,303311,1.749,0.846,0.46,-154,-0.246,-594,0,0,0,-0.73,22,22,-59,0,0.32,15.43,1,0,0,0.004,1,0.054,19,22
144.1919,303331,1.705,0.71,-1.5,-69,-0.11,-617,0,0,0,-0.73,26,26,-29,0,0.35,17.48,0.7245,0,0,0,1,0.592,18,22
144.2029,303351,1.628,0.866,-5.62,-166,-0.266,-396,0,0,0,-0.8,36,36,0,0,0.259,-20.93,-0.9832,0,0,0.034,1,0.137,19,22
144.2508,303391,1.379,0.109,-11.29,307,0.491,-611,0,0,0,-0.1,-8,-8,-23,0,0.334,13.26,1,0,0,0.034,1,0.054,18,22
144.2657,303411,1.246,-0.013,-11.5,383,0.613,-609,0,0,0,0.04,-13,-13,-28,0,0.263,-21.32,-1,0,0,0.124,1,0.127,19,22
144.2854,303431,1.022,-0.085,-11.92,428,0.685,-480,0,0,0,-0.03,-19,-19,-23,0,0.266,-20.21,-1,0,0,0.047,1,0.107,0,22
144.3017,303451,0.771,-0.141,-11.78,463,0.741,-385,0,0,0,0.32,-38,-38,-12,0,0.26,-24.67,-1,0,0,0,1,0.112,1,22
144.3646,303491,0.29,-0.09,-11.5,431,0.69,-43,0,0,0,-0.73,17,17,-2,0,0.265,-14.71,-0.9214,0,0,0.026,1,0.096,0,22
144.3688,303511,0.078,-0.083,-9.05,427,0.683,62,0,0,0,-0.45,5,5,-2,0,0.273,-20.44,-1,0,0,0.017,1,0.079,1,22
144.3875,303531,-0.139,-0.074,-8.07,421,0.674,184,0,0,0,0.8,-58,-58,-4,0,0.245,-28.12,-1,0,0,0.214,1,0.116,0,22
144.4084,303551,-0.224,-0.03,-0.87,394,0.63,141,0,0,0,0.18,-25,-25,-4,0,0.246,-26.33,-1,0,0,0.09,1,0.127,0,22
144.4474,303591,-0.362,0.142,4.17,286,0.458,244,0,0,0,0.52,-38,-38,-5,0,0.259,-24.5,-1,0,0,0,1,0.071,2,22
144.4715,303611,-0.407,0.272,0.74,205,0.328,427,0,0,0,1.5,-86,-86,-37,0,0.269,-9.08,-0.4464,0,0,-0.009,1,0.102,1,22
144.4832,303631,-0.343,0.456,4.52,90,0.144,431,0,0,0,1.08,-68,-68,-22,0,0.269,-9.08,-0.4464,0,0,-0.009,1,0.102,21,22
144.5012,303651,-0.256,0.549,5.5,32,0.051,428,0,0,0,1.22,-77,-77,-8,0,0.286,-20.66,-1,0,0,0.034,1,0.035,3,22
144.5634,303691,0.009,0.445,4.73,97,0.155,241,0,0,0,-4.44,204,204,-25,0,0.252,-16.73,-0.9216,0,0,0.145,1,0.101,21,22
144.5692,303711,0.26,0.734,10.95,-84,-0.134,100,0,0,0,-0.03,-17,-17,-31,0,0.408,29.47,0.8136,0,0,0.073,1,0.404,17,22
144.589,303731,0.407,0.853,11.93,-158,-0.253,86,0,0,0,-0.38,0,0,-41,0,0.275,-13.77,-0.885,0,0,0.038,1,0.077,2,22
144.6032,303751,0.535,1.158,11.3,-349,-0.558,192,0,0,0,-1.36,49,49,-18,0,0.275,-13.77,-0.885,0,0,0.077,1,0.077,22,22
144.6545,303791,0.894,1.467,9.76,-542,-0.867,193,0,0,0,-1.15,42,42,2,0,0.268,-24.28,-1,0,0,-0.004,1,0.056,3,22
144.6657,303811,1.088,1.45,9.76,-531,-0.85,56,0,0,0,-0.66,19,19,-17,0,0.27,-24.83,-1,0,0,-0.004,1,0.072,3,22
144.6882,303831,1.316,1.352,8.78,-470,-0.752,-131,0,0,0,0.18,-19,-19,-42,0,0.267,-17.58,-0.931,0,0,-0.004,1,0.084,2,22
144.7054,303851,1.527,1.227,8.43,-392,-0.627,-347,0,0,0,-0.17,4,4,2,0,0.271,-18.65,-0.9282,0,0,0.017,1,0.089,1,22
144.7691,303891,1.898,0.779,3.89,-112,-0.179,-787,0,0,0,-1.71,94,94,0,0,0.271,-22.03,-1,0,0,0.03,1,0.095,1,22
144.7692,303911,1.968,0.664,1.02,-40,-0.064,-858,0,0,0,-3.25,203,203,0,0,0.31,-24.35,-1,0,0,0.086,1,0.033,3,22
144.7923,303931,1.974,0.648,-1.5,-30,-0.048,-838,0,0,0,-0.17,52,52,24,0,0.293,-11.06,-0.4496,0,0,0.026,1,0.075,2,22
144.8036,303951,1.878,0.086,-8.49,321,0.514,-1010,0,0,0,-0.59,68,68,15,0,0.285,-15.53,-0.9735,0,0,0.026,1,0.109,1,22
144.8685,303991,1.604,-0.104,-14.22,440,0.704,-848,0,0,0,-0.8,85,85,8,0,0,0,0,0,0,-0.004,1,0.016,4,18
144.8703,304011,1.342,-0.149,-15.9,468,0.749,-673,0,0,0,-0.73,83,83,16,0,0.294,-11.08,-0.9506,0,0,-0.009,1,0.089,1,22
144.8919,304031,1.044,-0.28,-14.15,550,0.88,-599,0,0,0,-0.1,51,51,23,0,0.273,-23.65,-1,0,0,-0.009,1,0.05,3,22
144.9109,304051,0.741,-0.381,-13.8,613,0.981,-473,0,0,0,0.32,27,27,26,0,0.277,-3.34,0.8669,0,0,-0.013,1,0.061,3,22
144.9631,304091,0.208,-0.454,-9.82,659,1.054,-255,0,0,0,0.46,-2,-2,27,0,0.263,-51.03,-1,0,0,-0.209,1,0.018,5,22
144.9735,304111,-0.076,-0.445,-10.03,653,1.045,-58,0,0,0,0.59,-9,-9,23,0,0.263,-19.23,-1,0,0,-0.068,1,0.065,3,22
144.9845,304131,-0.289,-0.414,-6.53,634,1.014,25,0,0,0,0.46,-2,-2,19,0,0.248,-43.47,-1,0,0,-0.06,1,0.039,4,22
